AMFI Code,Fund Name,Category,1Y CAGR (%),3Y CAGR (%),5Y CAGR (%),Risk Score,Score
149329,Nippon India Taiwan Equity Fund,Other Equity,139.93263935396203,59.99071189160618,,10,27.994427134963708
119277,DSP World Gold Mining Overseas Equity Omni FoF,Other Equity,79.77251058365044,58.075554405967765,30.104600891468603,9,27.645332643580655
SMH,VanEck Semiconductor ETF,International,92.52945190915358,58.10538756338599,35.93242931602643,10,26.86323253803159
148928,Mirae Asset NYSE FANG + ETF Fund of Fund,Other Equity,30.952731556471825,51.33192160515725,32.562809442460484,8,24.399152963094345
149760,Nippon India Silver ETF FOF,Other Equity,100.43418789836034,46.28466144813117,,9,20.570796868878702
151731,UTI Silver ETF Fund of Fund,Other Equity,100.84948989960574,46.82816076477651,,10,20.096896458865906
150615,Axis Silver Fund of Fund,Other Equity,100.8890864636586,46.65560940322098,,10,19.993365641932588
149775,ICICI Prudential Silver ETF FOF,Other Equity,100.51890121679233,46.60461835015055,,10,19.962771010090332
150581,Edelweiss Gold and Silver ETF FOF,Other Equity,80.67108490319887,42.432013006736405,,7,19.85920780404184
150737,HDFC Silver ETF Fund of Fund,Other Equity,100.61409534997141,46.410250707130096,,10,19.846150424278058
151603,Kotak Silver ETF Fund of Fund,Other Equity,101.87745616440145,46.38125660973229,,10,19.828753965839372
151750,HDFC Defence Fund,Other Equity,33.83543353083536,42.34884879512286,,7,19.809309277073716
149780,Aditya Birla Sun Life Silver ETF FOF,Other Equity,100.19952868989125,46.31023203974649,,10,19.786139223847893
145552,Motilal Oswal Nasdaq 100 Fund of Fund,Other Equity,63.382139650528366,40.87768133435088,24.74484182254928,6,19.726608800610528
EWY,iShares MSCI South Korea ETF,International,138.8315714488999,44.39994839821213,17.478636508769263,9,19.43996903892728
EWT,iShares MSCI Taiwan ETF,International,78.87604355534185,41.150763004113756,20.09428414002219,7,19.09045780246825
115132,Quantum Gold ETF FOF,Other Equity,54.08692174517058,36.662104041405776,25.380853056441953,4,18.797262424843467
119788,SBI GOLD FUND,Other Equity,53.65017922562678,36.4284107433513,25.356888856405703,4,18.65704644601078
119781,Kotak Gold Fund Growth,Other Equity,53.758817216884225,36.42032511487954,25.118880695838275,4,18.652195068927725
118663,Nippon India Gold Savings Fund,Other Equity,53.35543189088649,36.26599224036735,25.10315358425168,4,18.559595344220412
150714,UTI Gold ETF Fund of Fund,Other Equity,53.92283580761805,36.84350294095442,,5,18.106101764572653
120685,ICICI Prudential Gold ETF FOF,Other Equity,53.736624582460536,36.44833621668355,25.266227838012824,5,17.86900173001013
120473,Axis Gold Fund,Other Equity,53.33965427825096,36.065010316532394,25.18232858571665,5,17.639006189919435
150597,Mirae Asset Global X Artificial Intelligence & Technology ETF Fund of Fund,Other Equity,53.95469085491433,38.72931333950906,,7,17.637588003705435
120546,Aditya Birla Sun Life Gold Fund,Other Equity,53.857233354449384,36.56648190463807,25.306704249232958,6,17.139889142782838
151974,LIC MF Gold ETF Fund of Fund,Other Equity,51.64524712469569,36.24916828551892,,7,16.14950097131135
SLV,iShares Silver Trust,International,66.25180866891354,40.14060394244516,21.425836793724518,10,16.084362365467097
149455,ICICI Prudential Strategic Metal and Energy Equity Fund of Fund,Other Equity,79.33681847303502,36.087791022025975,,7,16.052674613215583
149170,Mirae Asset S&P 500 Top 50 ETF Fund of Fund,Other Equity,24.554668967004535,35.945647140668235,,7,15.96738828440094
VLUE,iShares MSCI USA Value Factor ETF,International,74.41392057191123,32.50548676671574,17.16311958793002,5,15.503292060029445
148662,Kotak US Specific Equity Passive FOF,Other Equity,40.61560046511181,33.3922651363485,20.871296747803882,6,15.235359081809097
149291,Aditya Birla Sun Life US Equity Passive FOF,Other Equity,40.70724906510663,33.2508981940701,,6,15.15053891644206
150751,Axis NASDAQ 100 US Specific Equity Passive FOF,Other Equity,40.008347398546995,32.834546785202726,,6,14.900728071121634
GLD,SPDR Gold Shares,International,29.841984669528298,31.484791170110384,18.987480014175585,5,14.890874702066231
149961,Invesco India,Other Equity,37.71860261279685,32.35781476934589,,6,14.614688861607533
149910,Navi NASDAQ100 US Specific Equity Passive FOF,Other Equity,41.07463904790267,33.13039611211153,,7,14.278237667266914
149219,ICICI Prudential NASDAQ 100 Index Fund,Other Equity,40.520758204111075,32.93370497437398,,7,14.160222984624387
MTUM,iShares MSCI USA Momentum Factor ETF,International,28.25749939432436,31.04989605859736,13.380384116194177,6,13.829937635158412
119252,DSP US Specific Equity Omni FoF,Other Equity,44.22377030724407,29.494247623595005,19.901131961185172,5,13.696548574157003
COPX,Global X Copper Miners ETF,International,88.28801045940887,36.15700355542999,22.439852194737718,10,13.694202133257992
120043,HSBC Global Emerging Market Fund,Other Equity,55.70766066045354,29.336578972041227,13.759374747096098,5,13.601947383224736
140327,Edelweiss Emerging Markets Opportunities Equity Offshore Fund,Other Equity,59.05264557570551,29.286559735669382,12.63109107962299,5,13.57193584140163
XLK,Technology Select Sector SPDR,International,40.154074186726675,31.91497814949038,20.411628902315094,7,13.548986889694227
120531,Invesco India Gold ETF Fund of Fund,Other Equity,52.4552995455124,35.75811467431258,24.82242472974363,10,13.454868804587548
149816,DSP Global Innovation Overseas Equity Omni FoF,Other Equity,34.516612411512426,30.15969973899817,,6,13.295819843398903
149180,HDFC Developed World Overseas Equity Passive FOF,Other Equity,33.06183115338883,27.265264163843206,,4,13.159158498305924
EWS,iShares MSCI Singapore ETF,International,26.730363384435442,28.526949900283437,12.76937514024803,5,13.11616994017006
138456,PGIM India Emerging Markets Equity Fund of Fund,Other Equity,39.37691521961186,29.348922812677824,5.612034236761043,6,12.809353687606691
151901,HDFC Transportation and Logistics Fund,Other Equity,17.807219446471677,28.00608846288961,,5,12.803653077733767
148063,Edelweiss US Technology Equity Fund of Fund,Other Equity,32.66137034357814,33.17142108524358,16.788480672204642,9,12.702852651146149
119279,DSP World Mining Overseas Equity Omni FoF,Other Equity,78.98177778433195,31.76294902030319,20.791523989951433,8,12.657769412181912
149830,Navi Total Stock Market US Specific Equity Passive FoF,Other Equity,34.12537478985771,27.408081303752695,,5,12.444848782251615
119779,Kotak Global Emerging Market overseas Equity Omni FOF,Other Equity,49.44821440811571,27.21151620824649,13.657389740774285,5,12.326909724947892
148381,Motilal Oswal S&P 500 Index Fund,Other Equity,33.063793654132276,27.109961215663137,18.154261771144874,5,12.265976729397881
147946,BANDHAN SMALL CAP FUND,Small Cap,11.934929137593642,26.981184355593378,20.80468298451219,5,12.188710613356026
120351,LIC MF Infrastructure Fund,Other Equity,15.417747794499226,26.926832516581655,24.331764678654146,5,12.15609950994899
140296,Edelweiss Europe Dynamic Equity Offshore Fund,Other Equity,30.031997728488903,26.923106964437782,16.368515965761766,5,12.153864178662669
148954,Axis Global Innovation Fund of Fund,Other Equity,31.852791878172603,27.99430001106058,14.54100423774134,6,11.996580006636346
148760,SBI US Specific Equity Active FoF,Other Equity,32.116269364918246,27.919027282118524,17.680245185494957,6,11.951416369271112
151036,HSBC Midcap Fund,Mid Cap,21.563010599876108,26.337101869607626,,5,11.802261121764575
150685,ICICI PRUDENTIAL TRANSPORTATION AND LOGISTICS FUND,Other Equity,17.5669099756691,26.16641636974841,,5,11.699849821849046
120403,Invesco India Midcap Fund,Mid Cap,10.499999999999998,26.13061504192451,21.874738795907977,5,11.678369025154705
150584,WhiteOak Capital Mid Cap Fund Direct Plan Growth,Mid Cap,16.639574405201717,24.46046564838875,,4,11.476279389033252
147919,ITI Small Cap Fund,Small Cap,21.323367218962485,27.09677302437401,20.66099563161332,6,11.458063814624403
VYMI,Vanguard Intl High Div Yield,International,28.687972292488737,24.202898354745763,13.977266293766966,4,11.321739012847456
145137,Invesco India Smallcap Fund,Small Cap,15.700534759358288,24.961026811026166,21.629425541936985,5,10.9766160866157
120357,Invesco India Large & Mid Cap Fund,Mid Cap,8.946158896913992,24.83056371315353,18.989140897713796,5,10.898338227892118
149059,Kotak Global Innovation Overseas Equity Omni FOF,Other Equity,37.35706816878606,26.12620273971562,10.529663330050587,6,10.87572164382937
EWC,iShares MSCI Canada ETF,International,31.8282286745581,24.530966332926553,13.046110001721246,5,10.718579799755931
150643,ICICI Prudential Nifty Auto Index Fund,Index / Large Cap,15.803116410552365,24.437765400268518,,5,10.66265924016111
145678,BANK OF INDIA Small Cap Fund Direct Plan Growth,Small Cap,28.350918327471675,24.427094768305736,21.92509765735855,5,10.65625686098344
120381,ICICI Prudential MidCap Fund,Mid Cap,16.76130451586051,24.412541330664283,19.495136930439738,5,10.64752479839857
151739,UTI Nifty 500 Value 50 Index Fund,Index / Large Cap,14.560793073985234,25.47539372157679,,6,10.485236232946072
QQQ,Invesco Nasdaq 100 ETF,International,24.92692917188095,26.794857319872968,15.338780141934727,7,10.476914391923778
URA,Global X Uranium ETF,International,16.587449500904828,30.575888910264215,23.864711142217065,10,10.345533346158529
140228,Edelweiss Mid Cap Fund,Mid Cap,10.286027674654076,23.90023088744777,20.728951905848515,5,10.34013853246866
SCHG,Schwab US Large-Cap Growth ETF,International,15.188286829377006,25.177758724826973,14.018387627454953,6,10.306655234896182
133386,Motilal Oswal ELSS Tax Saver Fund,ELSS (Tax Saving),13.402167542898935,23.781280874736254,18.56758706084807,5,10.268768524841752
VUG,Vanguard Growth ETF,International,14.563385732185385,24.90071391082438,12.98151202536304,6,10.140428346494627
148733,ITI Mid Cap Fund,Mid Cap,14.325970761021068,23.473560739329336,18.42494588225565,5,10.084136443597602
149383,Axis Multicap Fund,Flexi Cap,11.89967982924227,22.029324499390768,,4,10.017594699634461
148457,Nippon India Multi Asset Allocation Fund,Flexi Cap,17.491166832577832,20.673579131079588,16.682291073390786,3,10.004147478647752
EZA,iShares MSCI South Africa ETF,International,26.636592819699256,27.03955143220047,12.379033751737989,8,9.82373085932028
147704,Motilal Oswal Large and Midcap Fund,Mid Cap,12.093358985829838,24.24643324807225,20.146145110773595,6,9.747859948843349
150915,Mahindra Manulife Small Cap Fund,Small Cap,16.99256553545019,22.517720868340984,,5,9.51063252100459
151290,HSBC Multi Cap Fund,Flexi Cap,11.804658354476993,21.12655124234064,,4,9.475930745404384
142110,Mahindra Manulife Mid Cap Fund,Mid Cap,14.88333767255099,22.381875084690293,20.49759871357997,5,9.429125050814175
IVV,iShares Core S&P 500 ETF,International,20.704388659436603,22.308772793791775,13.39916714820022,5,9.385263676275065
VOO,Vanguard S&P 500 ETF,International,20.69317195899474,22.297311840834432,13.396567495756928,5,9.378387104500659
XBI,SPDR S&P Biotech ETF,International,78.29819284145849,27.61292479898172,5.7888430634632115,9,9.367754879389032
148404,BANK OF INDIA Flexi Cap Fund Direct Plan,Flexi Cap,15.829486831387452,22.266270890370855,18.43130133091706,5,9.359762534222513
SPY,SPDR S&P 500 ETF,International,20.620803923746788,22.204334274566605,13.332249466900548,5,9.322600564739963
127042,Motilal Oswal Midcap Fund,Mid Cap,1.2135396241054863,22.07207974667835,23.705042939141997,5,9.24324784800701
VTI,Vanguard Total Stock Market,International,21.123820810147098,22.022826862362564,12.43705679466489,5,9.213696117417538
119581,Sundaram Mid Cap Fund Direct Plan,Mid Cap,10.460174443065394,21.871591786316436,19.23610700509082,5,9.122955071789862
118665,Nippon India Growth Mid Cap Fund,Mid Cap,10.131681905479152,21.787468730109772,20.478519658559378,5,9.072481238065864
118668,Nippon India Growth Mid Cap Fund,Mid Cap,10.131362144941214,21.786894524312373,20.47854173457433,5,9.072136714587424
150404,BANDHAN MIDCAP FUND,Mid Cap,11.95522225845016,20.437489674258757,,4,9.062493804555253
IWF,iShares Russell 1000 Growth ETF,International,10.00628352829047,23.064503868330235,12.689412500943265,6,9.038702320998139
150515,Navi Nifty India Manufacturing Index Fund,Index / Large Cap,14.315435024149114,20.389717744598922,,4,9.033830646759352
151745,WhiteOak Capital Multi Asset Allocation Fund Direct Plan Growth,Flexi Cap,15.041706549979494,17.70505655835679,,2,9.023033935014075
150815,JM Midcap Fund (Direct),Mid Cap,13.537632015037971,21.702359198087162,,5,9.021415518852297
151443,Bank of India Multi Cap Fund Direct Plan,Flexi Cap,14.270032930845232,20.262120793655924,,4,8.957272476193555
151649,Kotak Nifty Smallcap 50 Index Fund,Small Cap,13.973412112259975,22.92219107036244,,6,8.953314642217464
151379,ITI Flexi Cap Fund,Flexi Cap,14.18633995880203,20.235886803494594,,4,8.941532082096757
118989,HDFC Mid Cap Fund,Mid Cap,10.242149196808725,20.224006017282782,21.37366554025739,4,8.934403610369667
149763,Invesco India Flexi Cap Fund,Flexi Cap,3.7819253438113876,20.223298890923736,,4,8.933979334554241
150659,LIC MF Multi Cap Fund,Flexi Cap,11.898679929400767,20.21812742426361,,4,8.930876454558167
149790,Mirae Asset Nifty India Manufacturing ETF FOF,Index / Large Cap,14.29650817637218,20.20562477405148,,4,8.923374864430887
129046,Motilal Oswal Flexi cap Fund Direct Plan,Flexi Cap,3.976377606252357,21.52828553427142,13.653889257030837,5,8.916971320562851
ACWI,iShares MSCI ACWI ETF,International,21.83165496950725,21.520902883433113,11.361280032538556,5,8.912541730059868
149894,Axis Nifty Smallcap 50 Index Fund,Small Cap,14.264182041953788,22.841360861423254,,6,8.904816516853952
URTH,iShares MSCI World ETF,International,20.69064237135492,21.49378207165624,11.809682939290056,5,8.896269242993744
148815,Aditya Birla Sun Life Nifty Smallcap 50 Index Fund,Small Cap,14.139497657776424,22.79589758357703,15.013845573240525,6,8.877538550146218
119775,Kotak Midcap Fund,Mid Cap,9.070414730293063,20.126751597413485,18.673444301147768,4,8.87605095844809
131865,Aditya Birla Sun Life Multi Asset Omni FoF,Flexi Cap,17.75628780417191,18.777524631022512,14.468822096195488,3,8.866514778613507
SCHF,Schwab Intl Equity ETF,International,27.369516701321793,21.360921474894656,10.536525968706712,5,8.816552884936794
SPDW,SPDR Portfolio Developed World,International,26.671794209185663,21.355798873356214,10.193390571277106,5,8.813479324013729
IWD,iShares Russell 1000 Value ETF,International,31.576458053726174,20.018600848631717,11.963302028325028,4,8.811160509179029
150930,ICICI Prudential Nifty Pharma Index Fund,Index / Large Cap,19.52191701443966,19.992030911349556,,4,8.795218546809732
VT,Vanguard Total World Stock,International,22.045141041321116,21.32029446823609,11.232687057456946,5,8.792176680941653
XLF,Financial Select Sector SPDR,International,11.88114413794259,21.301987539199164,10.818929936753886,5,8.781192523519499
VEA,Vanguard Developed Markets,International,26.65056621866522,21.216480779489455,10.281284085588084,5,8.729888467693673
150212,BARODA BNP PARIBAS Mid Cap Fund,Mid Cap,14.044622021367426,19.75473822714191,,4,8.652842936285147
CWI,SPDR MSCI ACWI ex-US ETF,International,25.167337694431513,21.051234334065928,9.929990347331973,5,8.630740600439557
148666,Nippon India Multi,Flexi Cap,13.149698571053015,18.38152930040802,16.71526008882982,3,8.62891758024481
151796,360 ONE FLEXICAP FUND,Flexi Cap,10.724740473273586,19.57505454534656,,4,8.545032727207936
150817,Canara Robeco Mid Cap Fund,Mid Cap,7.980187121629045,19.45597934092993,,4,8.473587604557956
VTV,Vanguard Value ETF,International,28.159512499695417,19.412417878701802,12.711869025617407,4,8.447450727221081
148990,ICICI Prudential Flexicap Fund,Flexi Cap,12.55040322580645,19.334069923077003,17.057434876564393,4,8.400441953846201
119843,SBI MULTI ASSET ALLOCATION FUND,Flexi Cap,14.482022385015615,16.663473871466962,14.535481998595268,2,8.398084322880177
149185,Kotak Multicap Fund,Flexi Cap,8.040325784664294,19.2646833425028,,4,8.358810005501677
EWJ,iShares MSCI Japan ETF,International,23.880406503090136,20.596173324076172,9.816398688523353,5,8.357703994445703
152004,LIC MF Small Cap Fund,Small Cap,18.81884248838659,20.56727971626351,,5,8.340367829758106
IEMG,iShares Core MSCI Emerging,International,30.66204188691415,21.874584468918854,8.371137368069315,6,8.324750681351311
150688,Aditya Birla Sun Life Multi,Flexi Cap,14.552096569250317,17.841354501534834,,3,8.3048127009209
IXUS,iShares Core MSCI Total Intl,International,24.413400372167015,20.485296995976764,9.322880513627553,5,8.291178197586058
151307,Aditya Birla Sun Life Multi Asset Allocation Fund,Flexi Cap,16.654695113665042,17.675167186879335,,3,8.2051003121276
VYM,Vanguard High Dividend Yield ETF,International,23.850744663691593,18.97293417525223,12.451377513130634,4,8.183760505151337
VXUS,Vanguard Total Intl Stock,International,24.30125236386409,20.302738210571626,9.364048438141648,5,8.181642926342976
129649,Union Small Cap Fund,Small Cap,24.314879529152122,20.261481624071244,19.290798943778988,5,8.156888974442746
118533,Franklin India Mid Cap Fund,Mid Cap,5.65461425051359,18.911015283291555,16.145956529904183,4,8.146609169974933
150587,WhiteOak Capital ELSS Tax Saver Fund Direct Plan Growth,ELSS (Tax Saving),6.9524849808847655,18.82934911295113,,4,8.097609467770678
146772,HSBC Large & Mid Cap Fund,Mid Cap,12.830596560878016,20.05799902932126,16.491661366535414,5,8.034799417592755
120760,UTI Multi Asset Allocation Fund,Flexi Cap,8.48564095348532,17.352727130756683,14.423811746546434,3,8.01163627845401
146513,Nippon India Nifty Next 50 Junior BeES FoF,Index / Large Cap,10.388209356881163,20.009907710910667,14.166679817771088,5,8.0059446265464
148745,Kotak Nifty Next 50 Index Fund,Index / Large Cap,10.18508693477238,19.99506974259393,14.294498538857138,5,7.9970418455563586
143341,UTI Nifty Next 50 Index Fund,Index / Large Cap,10.126067507116709,19.97404199288917,14.12788205637252,5,7.984425195733502
151937,LIC MF Nifty Next 50 Index Fund,Index / Large Cap,10.39016207344099,19.96760955819681,,5,7.980565734918086
150899,Edelweiss Nifty Next 50 Index Fund,Index / Large Cap,10.149782083246105,19.957500575204556,,5,7.974500345122733
118419,Bandhan Large & Mid Cap Fund,Mid Cap,6.171754047286848,19.95544464278587,18.297597390312493,5,7.973266785671521
147796,Motilal Oswal Nifty Next 50 Index Fund,Index / Large Cap,10.058435702196178,19.946263028793364,14.132259907055623,5,7.967757817276018
149466,Axis Nifty Next 50 Index Fund,Index / Large Cap,10.234937385844066,19.941140195475747,,5,7.964684117285447
148945,SBI Nifty Next 50 Index Fund,Index / Large Cap,10.09484082956389,19.941019957537964,14.126148537773297,5,7.964611974522779
146381,DSP Nifty Next 50 Index Fund,Index / Large Cap,10.089522806467155,19.898014339658477,14.157211604935615,5,7.938808603795087
120599,ICICI Prudential Multicap Fund,Flexi Cap,10.371679025960145,18.560021176677456,17.039900825229772,4,7.936012706006474
149447,Navi Nifty Next 50 Index Fund,Index / Large Cap,10.022593820217729,19.853723095417685,,5,7.912233857250611
149838,Aditya Birla Sun Life Nifty Next 50 Index Fund,Index / Large Cap,10.086678207896815,19.75743202430229,,5,7.854459214581373
148073,Union Midcap Fund,Mid Cap,12.71006374348078,19.749165408475843,17.74747138544923,5,7.8494992450855054
120684,ICICI Prudential Nifty Next 50 Index Fund,Index / Large Cap,9.881600020337089,19.73833007872492,13.99175600918554,5,7.842998047234952
147183,ITI Multi Cap Fund,Flexi Cap,14.633301454142922,19.73359389645577,16.234549481643,5,7.840156337873461
119777,Kotak Multi Asset Omni FOF,Flexi Cap,12.742016471155694,17.045463000990836,16.3423842944566,3,7.827277800594501
QUAL,iShares MSCI USA Quality Factor ETF,International,20.2652038592527,19.70518670931107,11.554782017121834,5,7.823112025586642
149288,HDFC NIFTY Next 50 Index Fund,Index / Large Cap,9.996561102948087,19.692874682203467,,5,7.815724809322079
129193,HSBC Multi Asset Active FOF,Flexi Cap,17.29943455888843,17.014343766055728,13.495095786791001,3,7.808606259633436
151078,HSBC ELSS Tax saver Fund,ELSS (Tax Saving),7.936532939221008,18.291862568202077,,4,7.775117540921246
151895,Bajaj Finserv Flexi Cap Fund,Flexi Cap,10.374217605540025,18.2610634115427,,4,7.75663804692562
151160,HSBC NIFTY NEXT 50 INDEX FUND,Index / Large Cap,9.720554653106394,19.58517843832921,,5,7.751107062997525
120596,ICICI Prudential Large & Mid Cap Fund,Mid Cap,6.6588086117138845,18.202128977467112,18.725612922933422,4,7.721277386480266
147541,ITI ELSS Tax Saver Fund,ELSS (Tax Saving),8.013419053875491,19.520836169865262,15.157001414900906,5,7.712501701919157
119212,DSP Small Cap Fund,Small Cap,18.219792711158746,19.51343056859587,19.657156696641543,5,7.708058341157521
119589,Sundaram Small Cap Fund Direct Plan,Small Cap,18.20824006035433,19.47344604898875,18.73225356505013,5,7.684067629393251
141226,Mahindra Manulife Multi Cap Fund,Flexi Cap,13.598349293894385,19.388025055520064,18.041707199842172,5,7.632815033312038
145110,Axis Large & Mid Cap Fund,Mid Cap,9.284922394678507,18.030034147323605,14.14383837355695,4,7.618020488394163
125354,Axis Small Cap Fund,Small Cap,11.511024643320367,17.996835043102323,18.180881729683197,4,7.598101025861394
152002,LIC MF Mid Cap Fund,Mid Cap,10.256157665797527,19.30669437971746,,5,7.584016627830476
120821,quant Multi Asset Allocation Fund,Flexi Cap,20.00851593205306,23.29833262065759,20.98964724067709,8,7.578999572394553
150865,Baroda BNP Paribas Multi Asset Fund,Flexi Cap,12.149320974068845,16.596600795009998,,3,7.557960477005999
EZU,iShares MSCI Eurozone ETF,International,20.334107500290365,20.58086177024958,10.286677647509546,6,7.548517062149747
150159,BARODA BNP PARIBAS ELSS Tax Saver Fund,ELSS (Tax Saving),8.71953699300445,17.846199211947834,,4,7.5077195271687005
KRE,SPDR S&P Regional Banking ETF,International,27.10576816789412,23.155296910741896,6.616156557599462,8,7.493178146445137
EFA,iShares MSCI EAFE ETF,International,20.471317348568952,19.056048011231418,9.454319555016099,5,7.4336288067388505
149936,Axis Nifty Midcap 50 Index Fund,Mid Cap,11.976220300630347,19.02664151323772,,5,7.415984907942631
148747,Motilal Oswal Multi Asset Passive Fund of Fund,Flexi Cap,11.45031018258349,16.337910892129237,13.087967698201929,3,7.402746535277542
120334,ICICI Prudential Multi,Flexi Cap,8.77400349749724,16.322575936815454,17.931942886246954,3,7.3935455620892725
VGK,Vanguard FTSE Europe ETF,International,19.74591155303105,18.953963422618216,9.30675050637213,5,7.3723780535709285
119620,Aditya Birla Sun Life Midcap Fund,Mid Cap,11.18721201433528,18.86238662780557,16.38960437020003,5,7.317431976683341
ARKK,ARK Innovation ETF,International,2.6455724281935655,25.496180135968572,-7.027614313260145,10,7.297708081581142
120505,Axis Midcap Fund,Mid Cap,8.831715940720674,18.797145163379227,15.079004665842888,5,7.278287098027535
120665,UTI Large & Mid Cap Fund,Mid Cap,5.650211959877827,17.45318466944623,15.90070724233501,4,7.271910801667738
151814,Motilal Oswal Nifty Microcap 250 Index Fund,Index / Large Cap,10.138547345130199,20.067753756210106,,6,7.240652253726063
147445,Mirae Asset Midcap Fund,Mid Cap,12.520296326364932,18.653247813198035,17.411467369693945,5,7.191948687918821
150858,Union Multicap Fund,Flexi Cap,13.20754716981134,17.314984719746928,,4,7.188990831848156
SPEM,SPDR Portfolio Emerging Markets,International,18.86758597814493,18.589080862471196,7.40795529393834,5,7.153448517482717
149019,PGIM India Small Cap Fund,Small Cap,14.804310833806,18.57613047814479,15.492785387702535,5,7.145678286886874
VIG,Vanguard Dividend Appreciation ETF,International,18.584762257484776,17.143138499665376,10.816007307796106,4,7.085883099799225
148618,UTI Small Cap Fund,Small Cap,8.49338546408871,17.081981493910625,17.572286725124297,4,7.049188896346375
150346,WhiteOak Capital Flexi Cap Fund Direct Plan,Flexi Cap,7.1144498453380445,17.076742054538062,,4,7.046045232722837
148807,Aditya Birla Sun Life Nifty Midcap 150 Index Fund,Mid Cap,9.098862281132503,18.404480350149633,18.341790413379933,5,7.04268821008978
146196,Edelweiss Small Cap Fund,Small Cap,12.192867121373974,18.395449829843756,19.63261629035109,5,7.037269897906253
SCHE,Schwab Emerging Markets Equity,International,18.479438528478333,18.33285942984657,6.869223022654247,5,6.999715657907943
148726,Nippon India Nifty Midcap 150 Index Fund,Mid Cap,9.24052726927933,18.301761279271524,18.227273365668495,5,6.981056767562913
150673,SBI Nifty Midcap 150 Index Fund,Mid Cap,9.17045777270511,18.279639998701434,,5,6.96778399922086
149389,ICICI Prudential Nifty Midcap 150 Index Fund,Mid Cap,9.178532082308655,18.222725401594776,,5,6.933635240956866
149892,Navi Nifty Midcap 150 Index Fund Direct Plan,Mid Cap,9.005402157908481,18.175660540738402,,5,6.905396324443041
151724,HDFC NIFTY Midcap 150 Index Fund,Mid Cap,9.061958890715726,18.163280709502793,,5,6.897968425701675
120494,JM ELSS Tax Saver Fund (Direct),ELSS (Tax Saving),10.370758182911711,18.09806601675128,16.183488432359926,5,6.858839610050767
150902,Edelweiss Nifty Midcap150 Momentum 50 Index Fund,Mid Cap,4.038778424695155,18.077415070045678,,5,6.846449042027407
118777,Nippon India Small Cap Fund,Small Cap,10.789528340975195,17.981272280470595,21.06446867266709,5,6.788763368282357
118778,Nippon India Small Cap Fund,Small Cap,10.789528340975195,17.981272280470595,21.06446867266709,5,6.788763368282357
151824,Canara Robeco Multi Cap Fund,Flexi Cap,5.514950166112964,16.628710403843282,,4,6.777226242305969
VWO,Vanguard Emerging Markets,International,18.261782802502058,17.92728521301308,6.817613153244739,5,6.7563711278078475
149882,SBI Multicap Fund,Flexi Cap,1.9355784464629044,15.221514311258,,3,6.7329085867547995
149870,HDFC Nifty 100 Equal Weight Index Fund,Index / Large Cap,7.13501251282791,16.526385051648763,,4,6.715831030989258
148921,Aditya Birla Sun Life Multi,Flexi Cap,10.80691642651297,16.47469438269922,14.701287630017678,4,6.68481662961953
150892,Edelweiss Nifty Smallcap 250 Index Fund,Small Cap,8.229351674830587,17.78471534962234,,5,6.670829209773403
148474,Baroda BNP Paribas Large and Mid Cap Fund,Mid Cap,6.031418773515496,16.449436710695032,15.118490218838287,4,6.669662026417019
119723,SBI ELSS Tax Saver FUND,ELSS (Tax Saving),0.018183762515389112,16.408364872382684,16.760386803431548,4,6.6450189234296095
149483,Sundaram Nifty 100 Equal Weight Fund (Formerly Known as Principal Nifty 100 Equal Weight Fund),Index / Large Cap,7.37451594897891,16.39349245152706,,4,6.636095470916236
120046,HSBC Flexi Cap Fund,Flexi Cap,8.18117676457113,17.724077298293174,14.927593966851083,5,6.634446378975904
120843,quant Flexi Cap Fund,Flexi Cap,15.671943143272493,17.70675151490373,16.938041139697546,5,6.6240509089422375
119556,Aditya Birla Sun Life Small Cap Fund,Small Cap,18.952292459010998,17.680241879840896,15.925265426786606,5,6.608145127904537
118955,HDFC Flexi Cap Fund,Flexi Cap,3.831392867251382,17.664922828024608,19.279426636333685,5,6.598953696814764
IWM,iShares Russell 2000 ETF,International,33.07084654457921,18.984111007912375,8.294693560691524,6,6.590466604747425
133710,LIC MF Large & Mid Cap Fund,Mid Cap,3.8898760655885045,16.309706068690822,13.519793949717208,4,6.5858236412144935
148053,Tata Multi Asset Allocation Fund,Flexi Cap,10.629866356769323,14.94936070534445,13.773249657039187,3,6.56961642320667
120828,quant Small Cap Fund,Small Cap,13.33207589086074,18.949005738792213,21.16234975276372,6,6.569403443275327
SCHD,Schwab US Dividend Equity,International,31.244815779224776,16.27071643287237,10.10108564462624,4,6.56242985972342
119178,Tata Mid Cap Fund,Mid Cap,10.155336593219587,17.524401457713857,16.889771071136362,5,6.514640874628315
VO,Vanguard Mid-Cap ETF,International,17.914611606478402,17.511332632251108,8.415162814682375,5,6.506799579350664
150738,Tata Nifty Midcap 150 Momentum 50 Index Fund,Mid Cap,3.664930106669151,17.479829239610957,,5,6.487897543766573
118678,Nippon India Vision Large & Mid Cap Fund,Mid Cap,4.34500583918167,17.472480464861007,15.188012957985775,5,6.483488278916605
118675,Nippon India Vision Large & Mid Cap Fund,Mid Cap,4.34511412729901,17.471998446544124,15.18757980810932,5,6.483199067926474
120158,Kotak Large & Midcap Fund,Mid Cap,5.3560002957003805,16.12920594033229,15.366259225593492,4,6.477523564199374
120564,Aditya Birla Sun Life Flexi Cap Fund,Flexi Cap,10.72108341886815,17.453094693343463,13.60227490148156,5,6.471856816006078
119566,Sundaram Large and Midcap Fund Direct Plan,Mid Cap,12.665818568767161,17.399223997774715,14.379012078586072,5,6.439534398664829
150677,SBI Nifty Smallcap 250 Index Fund,Small Cap,7.940589789206953,17.397597498660854,,5,6.438558499196512
151727,HDFC NIFTY Smallcap 250 Index Fund,Small Cap,7.972027217344846,17.38481599174857,,5,6.430889595049143
141925,Axis Flexi Cap Fund,Flexi Cap,7.327731092436984,16.04956511118023,10.80062397146888,4,6.429739066708136
149283,ICICI Prudential Nifty Smallcap 250 Index Fund,Small Cap,7.974493537446148,17.37718651368465,,5,6.4263119082107885
120392,Invesco India Largecap Fund,Index / Large Cap,6.5865384615384714,15.988787753165767,13.327732884921506,4,6.393272651899459
IWN,iShares Russell 2000 Value ETF,International,36.5545492978693,18.61878279190585,9.497799987862798,6,6.371269675143509
118620,Edelweiss ELSS Tax Saver Fund,ELSS (Tax Saving),8.817881557723318,15.911510773815674,14.024482786603244,4,6.346906464289405
120847,quant ELSS Tax Saver Fund,ELSS (Tax Saving),14.71971429302985,17.201942962543804,17.61879867063754,5,6.321165777526282
148519,Nippon India Nifty Smallcap 250 Index Fund,Small Cap,8.045223028245086,17.198866542690826,16.53024153452747,5,6.319319925614495
120186,ICICI Prudential US Bluechip Equity Fund,Index / Large Cap,21.965628356605805,17.10872200315574,13.153868009832404,5,6.2652332018934445
119071,DSP Midcap Fund,Mid Cap,7.9408313523306795,17.05167535009233,13.751576255607878,5,6.2310052100553985
151130,HSBC Small Cap Fund,Small Cap,13.83009597117515,17.0324942136739,,5,6.21949652820434
140353,Edelweiss Flexi Cap Fund,Flexi Cap,5.649871593827416,16.908926073938325,14.890108509917566,5,6.145355644362995
119354,Baroda BNP Paribas MULTI CAP FUND,Flexi Cap,6.612306540665069,16.894513233596985,15.511932024159346,5,6.136707940158191
SLX,VanEck Steel ETF,International,56.00119588401711,20.890478060875584,15.498054050545118,8,6.13428683652535
120492,JM Flexicap Fund (Direct),Flexi Cap,4.634771368993751,16.849189052656577,17.63812606270536,5,6.109513431593946
150797,WhiteOak Capital Large Cap Fund Direct Plan Growth,Index / Large Cap,3.192584963954692,15.50367085603186,,4,6.102202513619116
SIZE,iShares MSCI USA Size Factor ETF,International,19.104675890101763,16.811270863263374,8.739322743741894,5,6.086762517958023
140175,Edelweiss Large & Mid Cap Fund,Mid Cap,7.724423836375416,16.81013787713863,15.153290464836244,5,6.086082726283177
150440,quant Large Cap Fund,Index / Large Cap,7.829953367313736,15.44897577641613,,4,6.069385465849678
141950,BANK OF INDIA Mid Cap Tax Fund Series 1 Direct Plan Growth,Mid Cap,11.427554289782837,16.747249926301322,13.171573300810246,5,6.048349955780793
149669,Sundaram Multi Cap Fund (Formerly Known as Principal Multi Cap Growth Fund),Flexi Cap,4.717390080504424,15.402197965367304,,4,6.041318779220382
143079,Sundaram Long Term Tax Advantage Fund Series IV Direct Plan,ELSS (Tax Saving),13.879059549961404,16.648406523490557,19.635857241651934,5,5.989043914094333
IWO,iShares Russell 2000 Growth ETF,International,29.691619599606646,19.28304151332274,6.854510254048307,7,5.969824907993643
IBB,iShares Biotechnology ETF,International,47.476539244345275,17.8506550135203,4.148291699511675,6,5.9103930081121785
149303,BANDHAN MULTI CAP FUND,Flexi Cap,4.427111941118311,15.15897205128347,,4,5.895383230770082
148980,BANK OF INDIA Large Cap Fund Direct Plan Growth,Index / Large Cap,7.816229116945106,15.133617405194567,11.384179069894106,4,5.88017044311674
150387,Baroda BNP Paribas Flexi Cap Fund,Flexi Cap,5.54030462113595,15.047920445889606,,4,5.828752267533763
142153,Sundaram Long Term Tax Advantage Fund Series III Direct Plan,ELSS (Tax Saving),13.729501186998426,16.342471645960988,19.338954947434473,5,5.8054829875765925
VB,Vanguard Small-Cap ETF,International,24.812986218426136,17.475451117136775,8.535272617529799,6,5.685270670282064
118479,BANDHAN Large Cap Fund,Index / Large Cap,3.3343822346092455,14.699114473470365,12.283057789629282,4,5.619468684082219
118525,Franklin India Small Cap Fund,Small Cap,7.924509244488509,15.915584306942243,18.589639286741686,5,5.549350584165346
120416,Invesco India ELSS Tax Saver Fund,ELSS (Tax Saving),2.9483200647685948,14.503950945359811,11.841225605392669,4,5.502370567215887
141141,Sundaram Long Term Micro Cap Tax Advantage Fund Series V Direct Plan,ELSS (Tax Saving),11.5970459666751,15.720128584072167,17.549809091783896,5,5.4320771504433
120164,Kotak,Small Cap,7.1640481567531555,14.354055657360831,15.007142659983774,4,5.412433394416499
120524,Axis Multi Asset Allocation Fund,Flexi Cap,14.69034460338101,15.553404036452578,10.803938415119552,5,5.332042421871547
118651,Nippon India Multi Cap Fund,Flexi Cap,1.5055564173269476,15.535262954549879,19.408801100691452,5,5.3211577727299275
118650,Nippon India Multi Cap Fund,Flexi Cap,1.5055564173269476,15.535262954549879,19.408801100691452,5,5.3211577727299275
FAN,First Trust Global Wind Energy ETF,International,27.570050330439777,16.868006215125252,3.9934263244963963,6,5.32080372907515
VBR,Vanguard Small-Cap Value ETF,International,24.27931310041911,16.814576306358763,10.234130648223893,6,5.288745783815257
120413,Invesco India Multicap Fund,Flexi Cap,2.2128421591199654,15.472328718037897,13.704421975848025,5,5.283397230822738
CPER,US Copper Index Fund,International,40.732758945526705,19.464299198134594,9.271093819038366,8,5.278579518880756
146130,CANARA ROBECO SMALL CAP FUND,Small Cap,8.55140186915888,15.440293122882952,17.916615444655392,5,5.264175873729771
119242,DSP ELSS Tax Saver Fund,ELSS (Tax Saving),1.6748903151892147,15.378624191476952,13.634457615786877,5,5.227174514886171
119351,BANK OF INDIA ELSS Tax Saver,ELSS (Tax Saving),7.4243413890703325,15.281233271761273,13.128948461867518,5,5.168739963056764
148962,Aditya Birla Sun Life Nifty 50 Equal Weight Index Fund,Index / Large Cap,4.679847335746712,13.943436583351065,13.336113750000077,4,5.166061950010639
149107,HDFC NIFTY50 Equal weight Index Fund,Index / Large Cap,4.607132291788751,13.942107311206264,13.407446203538687,4,5.165264386723758
120591,ICICI Prudential Smallcap Fund,Small Cap,5.425027730160337,13.929154521251718,16.304215067767934,4,5.15749271275103
119060,HDFC ELSS Tax saver,ELSS (Tax Saving),-2.2434376527514233,15.244560738979596,16.162411501932073,5,5.146736443387757
141564,Sundaram Long Term Micro Cap Tax Advantage Fund Series VI Direct Plan,ELSS (Tax Saving),9.999358832790728,15.22546333163508,17.71339320444143,5,5.1352779989810475
150639,ICICI Prudential Nifty50 Equal Weight Index Fund,Index / Large Cap,4.626563315016297,13.880129360414607,,4,5.128077616248764
151762,UTI Nifty50 Equal Weight Index Fund,Index / Large Cap,4.753595817766287,13.816976364108546,,4,5.090185818465128
118285,CANARA ROBECO ELSS TAX SAVER,ELSS (Tax Saving),4.0266409070110365,13.815127892973788,12.002162725055454,4,5.089076735784272
125497,SBI Small Cap Fund,Small Cap,8.2636795094297,13.795691606520034,16.174701436443527,4,5.0774149639120205
IDU,iShares U.S. Utilities ETF,International,5.160649948933971,15.107526925374826,8.255044966841684,5,5.064516155224895
150187,BARODA BNP PARIBAS LARGE CAP Fund,Index / Large Cap,3.134519523677648,13.734358870699781,,4,5.040615322419868
139990,Sundaram Long Term Micro Cap Tax Advantage Fund Series IV Direct Plan,ELSS (Tax Saving),10.583940368729516,14.99859239599366,17.86183359233242,5,4.999155437596196
139711,Sundaram Long Term Micro Cap Tax Advantage Fund Series III Direct Plan,ELSS (Tax Saving),10.900528169014079,14.933839848656172,17.694959469035677,5,4.960303909193703
132756,Tata ELSS Fund,ELSS (Tax Saving),9.990998564528786,14.78718233581493,14.569682184471766,5,4.872309401488957
IJH,iShares Core S&P Mid-Cap,International,22.859713674033564,16.030938576654407,9.280203070372384,6,4.818563145992643
119773,Kotak ELSS Tax Saver Fund,ELSS (Tax Saving),3.9048331100237643,13.322940396841743,13.585060746429534,4,4.793764238105045
118540,Franklin India ELSS Tax Saver Fund,ELSS (Tax Saving),-1.2770404166328908,13.248226269717755,13.56598704926295,4,4.748935761830652
120592,ICICI Prudential ELSS Tax Saver Fund,ELSS (Tax Saving),0.9520528939537476,13.240529444079696,11.981277978453342,4,4.7443176664478175
118803,Nippon India ELSS Tax Saver Fund,ELSS (Tax Saving),2.563523107119825,14.539997623952349,13.771361397343163,5,4.723998574371409
120490,JM Large Cap Fund (Direct),Index / Large Cap,3.2597659137178603,13.18969211479224,12.455413709484798,4,4.713815268875344
119544,Aditya Birla Sun Life ELSS Tax Saver Fund,ELSS (Tax Saving),2.7956674473068155,13.165249744180318,9.852926132693085,4,4.699149846508191
120586,ICICI Prudential Large Cap Fund (erstwhile Bluechip Fund),Index / Large Cap,-1.4319613779559814,13.092563237399224,13.184400710059041,4,4.655537942439534
135781,Mirae Asset ELSS Tax Saver Fund,ELSS (Tax Saving),4.7396190958042705,14.371212423404867,12.851230281983828,5,4.62272745404292
119307,Union ELSS Tax Saver Fund,ELSS (Tax Saving),3.2248979017039714,12.800936582493193,12.42618555331756,4,4.4805619494959155
118870,Taurus Large Cap Fund,Index / Large Cap,6.001084533349399,14.11149628956827,11.333822776884528,5,4.466897773740962
141877,DSP Nifty 50 Equal Weight Index Fund,Index / Large Cap,4.723207249802996,13.98940118263845,13.452347026382183,5,4.393640709583069
USMV,iShares MSCI USA Min Vol Factor ETF,International,9.193413631759073,12.595503108003857,7.299604924333569,4,4.357301864802314
149158,ICICI Prudential Nifty Alpha Low,Index / Large Cap,2.9187868103689896,12.595399936589136,,4,4.357239961953481
150487,Nippon India Nifty Alpha Low Volatility 30 Index Fund,Index / Large Cap,2.9185425445984015,12.58266249858675,,4,4.34959749915205
120152,Kotak Large Cap  Fund,Index / Large Cap,1.1276517578190148,12.547155086488981,11.275913371006174,4,4.328293051893389
EWA,iShares MSCI Australia ETF,International,13.783167280407982,15.179454854963659,7.36816443240309,6,4.3076729129781945
XLE,Energy Select Sector SPDR,International,54.413271231312564,16.4397208976953,26.582119729656164,7,4.263832538617179
118269,CANARA ROBECO LARGE CAP FUND,Index / Large Cap,-0.34190371991247304,12.418733990179254,10.85926032496236,4,4.251240394107552
VIGI,Vanguard Intl Div Apprec,International,11.627629966282239,12.37929868412364,5.078329345241883,4,4.227579210474183
151611,NJ ELSS Tax Saver Scheme Direct Growth,ELSS (Tax Saving),-0.7874015748031593,12.251295515093897,,4,4.150777309056338
118866,Taurus ELSS Tax Saver Fund,ELSS (Tax Saving),-1.4013177303569657,12.15824350752801,12.181221805272147,4,4.094946104516805
120503,Axis ELSS Tax Saver Fund,ELSS (Tax Saving),2.224376051246546,13.462274174616763,7.96596031010639,5,4.077364504770058
120826,quant Large & Mid Cap Fund,Mid Cap,12.701385532463338,17.460109708751048,18.278406208544595,8,4.0760658252506285
145206,Tata Small Cap Fund,Small Cap,-1.3114855958494043,13.389712428201662,16.166590033571904,5,4.0338274569209975
118632,Nippon India Large Cap Fund,Index / Large Cap,-1.0110316591697477,13.11267149814508,15.28660503338859,5,3.8676028988870472
118633,Nippon India Large Cap Fund,Index / Large Cap,-1.0110316591697477,13.11267149814508,15.286558636803814,5,3.8676028988870472
120270,LIC MF ELSS Tax Saver,ELSS (Tax Saving),-1.2451883055413004,11.772308638743056,10.896582401358756,4,3.863385183245833
111549,Quantum ELSS Tax Saver Fund,ELSS (Tax Saving),-4.1485216594086545,11.75854520979036,10.983430301751662,4,3.8551271258742164
119133,Groww Largecap Fund (formerly known as Indiabulls Blue Chip Fund),Index / Large Cap,1.9547125991871361,13.072188853091316,11.166209659603021,5,3.8433133118547893
141808,Groww ELSS Tax Saver Fund (formerly known as Indiabulls Tax Savings Fund),ELSS (Tax Saving),-3.9181541140618115,11.713880932083054,10.46125254176895,4,3.828328559249832
151781,Kotak Nifty 200 Momentum 30 Index Fund,Index / Large Cap,1.405567685589526,13.015039465186584,,5,3.8090236791119505
130503,HDFC Small Cap Fund,Small Cap,-0.10682243394607438,12.981283492257933,16.925539539492917,5,3.78877009535476
118473,BANDHAN ELSS Tax Saver Fund,ELSS (Tax Saving),3.5617629725415156,11.57831188616969,13.510302581074264,4,3.7469871317018137
150452,ICICI Prudential Nifty 200 Momentum 30 Index Fund,Index / Large Cap,1.3043192111860336,12.789311433355666,,5,3.6735868600133994
147481,Parag Parikh ELSS Tax Saver Fund,ELSS (Tax Saving),-7.281960980956937,11.412067503814495,12.926447162950216,4,3.647240502288696
JNK,SPDR Bloomberg High Yield Bond ETF,International,5.524356403439223,8.744111452611358,3.7482431625932344,2,3.646466871566815
HYG,iShares iBoxx USD High Yield Corp Bond,International,4.863547646510513,8.622623877906621,3.833844755955207,2,3.5735743267439726
150591,BANDHAN NIFTY200 MOMENTUM 30 INDEX FUND,Index / Large Cap,1.151437227894192,12.615306533952154,,5,3.569183920371292
119250,DSP Large Cap Fund,Index / Large Cap,-1.694649149671068,12.513922312933467,10.820365427133694,5,3.5083533877600797
120715,UTI ELSS Tax Saver Fund,ELSS (Tax Saving),0.3317460538306838,11.059074577179251,9.485930617959637,4,3.4354447463075504
150344,Tata Nifty India Digital ETF Fund of Fund,Index / Large Cap,-3.40177729440998,12.374631240094015,,5,3.4247787440564084
135601,PGIM India ELSS Tax Saver Fund,ELSS (Tax Saving),1.3909587680079438,10.860558910301732,11.809841645079345,4,3.316335346181039
139781,Mahindra Manulife ELSS Tax Saver Fund,ELSS (Tax Saving),-0.8382407396347324,10.809429934631986,11.5025532590723,4,3.285657960779191
EMB,iShares J.P. Morgan USD Emerging Mkts,International,5.544818319586042,9.412554609073132,1.5209677686618406,3,3.2475327654438786
148703,UTI Nifty 200 Momentum 30 Index Fund,Index / Large Cap,1.439200590344858,13.300355818395172,11.641031564866221,6,3.180213491037102
149570,Sundaram ELSS Tax Saver Fund Direct Plan Growth,ELSS (Tax Saving),-2.5168183101579755,10.49229724378733,,4,3.0953783462723976
ILF,iShares Latin America 40 ETF,International,31.40000392191764,14.397279504885784,10.694721166782074,7,3.0383677029314695
XLV,Health Care Select Sector SPDR,International,27.08404500954551,10.154382426036236,6.437979574698471,4,2.8926294556217407
VNQ,Vanguard Real Estate ETF,International,14.048648222252824,10.974241808259855,2.3074089215679106,5,2.584545084955913
SHY,iShares 1-3 Year Treasury Bond ETF,International,2.5387448764129905,4.126838027769808,1.8009015808318596,1,1.6761028166618848
145819,Shriram ELSS Tax Saver Fund,ELSS (Tax Saving),1.2515702786953797,9.386770982913607,9.314023163032225,5,1.6320625897481635
PFF,iShares Preferred and Income Sec ETF,International,1.5196240525003901,6.476616544081404,0.7550339421780405,3,1.485969926448842
LQD,iShares iBoxx USD Investment Grade,International,0.6509423496770417,4.996572282041023,-0.972395661877079,2,1.3979433692246137
EWW,iShares MSCI Mexico ETF,International,25.846706569530564,10.206989693132474,11.907658048586999,6,1.3241938158794833
MUB,iShares National Muni Bond ETF,International,4.566234384122114,3.181292390199264,0.5787499371540772,1,1.1087754341195584
AGG,iShares Core US Aggregate Bond,International,2.486991598463728,4.480617989462599,-0.27281083497933123,2,1.088370793677559
TIP,iShares TIPS Bond ETF,International,1.4466094532713525,3.9331471587902733,0.15334212174917816,2,0.7598882952741639
XRT,SPDR S&P Retail ETF,International,4.162779667818928,11.695365217197606,0.3518728107984259,8,0.6172191303185635
IEF,iShares 7-10 Year Treasury Bond ETF,International,1.5118366239373904,3.4763581052226877,-1.699428448007434,2,0.48581486313361255
XHB,SPDR S&P Homebuilders ETF,International,-5.642572375450361,10.84427282313265,7.953864323395332,8,0.10656369387958975
150838,Samco ELSS Tax Saver Fund,ELSS (Tax Saving),0.21660649819494893,6.163972045708377,,5,-0.3016167725749739
INDA,iShares MSCI India ETF,International,-7.700932582962183,4.704259273087064,2.895173131884099,4,-0.377444436147762
MCHI,iShares MSCI China ETF,International,-6.829917037959488,11.001312897012872,-2.079938065333531,9,-0.5992122617922773
EWZ,iShares MSCI Brazil ETF,International,24.47127640553479,9.540512562652893,7.384522864938625,8,-0.6756924624082652
LIT,Global X Lithium & Battery ETF,International,61.1328218421654,10.105593313595618,-0.9107677107028977,9,-1.1366440118426295
ITB,iShares U.S. Home Construction ETF,International,-11.174950115317749,5.869842258639135,7.167620683649201,8,-2.878094644816519
ICLN,iShares Global Clean Energy ETF,International,23.71295184843467,5.1597857801062075,-3.2168605290854413,8,-3.304128531936276
TLT,iShares 20+ Year Treasury Bond ETF,International,-0.8719710903208888,-0.4017576032500192,-8.23893616130058,4,-3.4410545619500117
KWEB,KraneShares China Internet,International,-24.25613347254526,3.6300481561693854,-6.839370906385622,10,-5.821971106298369
PBW,Invesco WilderHill Clean Energy ETF,International,34.85597906045832,0.01856467186438504,-13.257333800250393,10,-7.988861196881369
TAN,Invesco Solar ETF,International,19.621013611488113,-4.17526581428419,-8.722307648311379,10,-10.505159488570513
